<?xml version="1.0" encoding="UTF-8"?>
<beans xmlns="http://www.springframework.org/schema/beans"
       xmlns:xsi="http://www.w3.org/2001/XMLSchema-instance"
       xmlns:context="http://www.springframework.org/schema/context"
       xmlns:mvc="http://www.springframework.org/schema/mvc"
       xsi:schemaLocation="http://www.springframework.org/schema/beans http://www.springframework.org/schema/beans/spring-beans.xsd http://www.springframework.org/schema/context https://www.springframework.org/schema/context/spring-context.xsd http://www.springframework.org/schema/mvc https://www.springframework.org/schema/mvc/spring-mvc.xsd">

    <!--扫描组件-->
    <context:component-scan base-package="com.atguigu.mvc"></context:component-scan>

    <!--配置视图解析器-->
    <bean id="viewResolver" class="org.thymeleaf.spring5.view.ThymeleafViewResolver">
        <property name="order" value="1"/>
        <property name="characterEncoding" value="UTF-8"/>
        <property name="templateEngine">
            <bean class="org.thymeleaf.spring5.SpringTemplateEngine">
                <property name="templateResolver">
                    <bean class="org.thymeleaf.spring5.templateresolver.SpringResourceTemplateResolver">

                        <!-- 视图前缀 -->
                        <property name="prefix" value="/WEB-INF/templates/"/>

                        <!-- 视图后缀 -->
                        <property name="suffix" value=".html"/>
                        <property name="templateMode" value="HTML5"/>
                        <property name="characterEncoding" value="UTF-8" />
                    </bean>
                </property>
            </bean>
        </property>
    </bean>

    <mvc:view-controller path="/" view-name="index"></mvc:view-controller>


    <mvc:default-servlet-handler />

    <!--开启mvc的注解驱动-->
    <mvc:annotation-driven>
        <mvc:message-converters>
            <!-- 处理响应中文内容乱码 -->
            <bean class="org.springframework.http.converter.StringHttpMessageConverter">
                <property name="defaultCharset" value="UTF-8" />
                <property name="supportedMediaTypes">
                    <list>
                        <value>text/html</value>
                        <value>application/json</value>
                    </list>
                </property>
            </bean>
        </mvc:message-converters>
    </mvc:annotation-driven>

    <!--配置文件上传解析器，将上传的文件封装为MultipartFile-->
    <bean id="multipartResolver" class="org.springframework.web.multipart.commons.CommonsMultipartResolver"></bean>

    <!--配置拦截器-->
    <mvc:interceptors>
        <ref bean="firstInterceptor"></ref>
        <ref bean="secondInterceptor"></ref>
        <!--<bean class="com.atguigu.mvc.interceptors.FirstInterceptor"></bean>-->
        <!--<ref bean="firstInterceptor"></ref>-->
        <!--
            <mvc:interceptor>
                <mvc:mapping path="/**"/>
                <mvc:exclude-mapping path="/"/>
                <ref bean="firstInterceptor"></ref>
            </mvc:interceptor>
        -->
    </mvc:interceptors>

    <!--配置异常处理-->
    <!--<bean class="org.springframework.web.servlet.handler.SimpleMappingExceptionResolver">
        <property name="exceptionMappings">
            <props>
                <prop key="java.lang.ArithmeticException">error</prop>
            </props>
        </property>
        &lt;!&ndash;设置将异常信息共享在请求域中的键&ndash;&gt;
        <property name="exceptionAttribute" value="ex"></property>
    </bean>-->

</beans>